vendor_name,client_name
Georgia Power,Peachtree Landscaping LLC
Georgia Power,Atlanta Tech Solutions Inc
Georgia Power,Savannah Sweets
Office Depot,Atlanta Tech Solutions Inc
Office Depot,Savannah Sweets
Davis Plumbing,Peachtree Landscaping LLC
SiteOne Landscape Supply,Peachtree Landscaping LLC
Amazon Web Services,Atlanta Tech Solutions Inc
Sysco Foods,Savannah Sweets
Johnson Insurance Agency,Peachtree Landscaping LLC
Johnson Insurance Agency,Atlanta Tech Solutions Inc
Johnson Insurance Agency,Savannah Sweets
Atlanta Web Design,Savannah Sweets
Peach State Fuel,Peachtree Landscaping LLC
Comcast Business,Atlanta Tech Solutions Inc
Comcast Business,Savannah Sweets
